2024-08-01,I-O^X,A-{,48,,jめ,
2024-08-14,E-\都O.郅vY,A-{,179,,,
2024-08-14,E-O到酱,A-{.婪|膀,500,,,
2024-08-15,E-\都O.郅vY,A-{,100,,,
2024-08-15,E-A杆O,A-{,430,,Vぱj绀衄~B韪税~,
2024-08-15,E-O到酱,A-{.婪|膀,300,,,
2024-08-15,E-\都O.E\,A-{,330,,,
2024-08-16,E-\都O.郅vY,A-{,100,,,
2024-08-16,E-\都O.郅vY,A-{,110,,,
2024-08-17,E-O到酱,A-{.婪|膀,300,,,
2024-08-17,E-\都O.郅vY,A-{,100,,,
2024-08-19,E-O到酱,A-{.婪|膀,997,,Givewell ,
2024-08-19,E-\都O.郅vY,A-{,120,,,
2024-08-19,E-\都O.郅vY,A-{,54,,,
2024-08-19,E-\都O.郅vY,A-{,100,,,
2024-08-20,E-O到酱,A-{.婪|膀,300,,,
2024-08-20,E-\都O.郅vY,A-{,216,,,
2024-08-20,E-\都O.郅vY,A-{,100,,,
2024-08-20,E-\都O.郅vY,A-{,115,,,
2024-08-21,E-\都O.郅vY,A-{,130,,,
2024-08-21,E-らノ~,A-{,148,,,
